City ID,City,Country,Date,Lat,Lng,Max Temp,Humidity,Cloudiness,Wind Speed
0,Hithadhoo,MV,2022-02-14 04:58:54,-0.6,73.0833,82.36,72,79,12.97
1,Marzuq,YE,2022-02-14 04:58:55,14.4,46.4667,59.04,41,34,3.42
2,Berezovyy,RU,2022-02-14 04:58:56,51.6667,135.7,16.83,85,100,3.58
3,Hobart,AU,2022-02-14 04:55:23,-42.8794,147.3294,71.02,65,75,9.22
4,La Ronge,CA,2022-02-14 04:58:56,55.1001,-105.2842,-0.15,78,0,5.75
5,Qaanaaq,GL,2022-02-14 04:58:57,77.484,-69.3632,-7.62,67,77,7.67
6,Roma,US,2022-02-14 04:54:05,43.2128,-75.4557,11.95,78,76,5.99
7,Mar Del Plata,AR,2022-02-14 04:58:58,-38.0023,-57.5575,60.87,77,0,1.99
8,Punta Arenas,CL,2022-02-14 04:57:47,-53.15,-70.9167,44.71,57,40,11.5
9,Hilo,US,2022-02-14 04:58:58,19.7297,-155.09,72.25,85,100,3.44
10,Eyl,SO,2022-02-14 04:58:59,7.9803,49.8164,75.76,64,62,15.61
11,Rikitea,PF,2022-02-14 04:58:59,-23.1203,-134.9692,78.91,71,1,14.12
12,Alofi,NU,2022-02-14 04:59:00,-19.0595,-169.9187,82.29,74,99,11.5
13,Mahon,ES,2022-02-14 04:59:00,39.8885,4.2658,54.16,82,75,14.97
14,Faanui,PF,2022-02-14 04:59:00,-16.4833,-151.75,81.48,74,100,12.33
15,Mandalgovi,MN,2022-02-14 04:59:01,45.7625,106.2708,1.29,78,85,8.99
16,Ojinaga,MX,2022-02-14 04:59:02,29.5667,-104.4167,49.41,25,0,8.05
17,Iqaluit,CA,2022-02-14 04:59:02,63.7506,-68.5145,-16.87,63,100,2.3
18,Mataura,NZ,2022-02-14 04:59:02,-46.1927,168.8643,64.47,45,100,5.88
19,Castro,BR,2022-02-14 04:59:03,-24.7911,-50.0119,63.5,91,75,1.25
20,Mount Isa,AU,2022-02-14 04:55:10,-20.7333,139.5,91.17,31,56,11.5
21,Bethel,US,2022-02-14 04:58:36,41.3712,-73.414,25.05,65,53,5.01
22,Villamontes,BO,2022-02-14 04:59:04,-21.25,-63.5,65.89,80,32,2.3
23,Nome,US,2022-02-14 04:59:05,64.5011,-165.4064,-19.53,92,5,6.22
24,Narsaq,GL,2022-02-14 04:59:05,60.9167,-46.05,12.69,92,100,6.42
25,Santa Marta,CO,2022-02-14 04:58:49,11.2408,-74.199,84.25,61,20,8.05
26,Port Alfred,ZA,2022-02-14 04:59:06,-33.5906,26.891,67.66,83,83,15.43
27,Butaritari,KI,2022-02-14 04:59:07,3.0707,172.7902,81.28,77,67,12.15
28,Busselton,AU,2022-02-14 04:59:07,-33.65,115.3333,92.05,40,0,0.83
29,Yar-Sale,RU,2022-02-14 04:59:08,66.8333,70.8333,-18.67,99,99,7.92
30,Cape Town,ZA,2022-02-14 04:59:08,-33.9258,18.4232,68.41,78,0,12.66
31,Provideniya,RU,2022-02-14 04:59:09,64.3833,-173.3,-7.49,71,0,11.18
32,Luderitz,NA,2022-02-14 04:59:09,-26.6481,15.1594,70.07,72,0,8.19
33,Bengkulu,ID,2022-02-14 04:59:10,-3.8004,102.2655,84.96,63,72,6.38
34,Asau,RO,2022-02-14 04:59:10,46.4333,26.4,26.96,80,98,3.58
35,Yellowknife,CA,2022-02-14 04:59:11,62.456,-114.3525,-24.59,88,20,2.3
36,Makat,KZ,2022-02-14 04:59:12,47.6469,53.3463,22.26,93,9,12.39
37,Vaitape,PF,2022-02-14 04:59:13,-16.5167,-151.75,81.39,74,100,12.28
38,Avarua,CK,2022-02-14 04:59:14,-21.2078,-159.775,75.25,88,75,6.91
39,Saint-Philippe,RE,2022-02-14 04:59:15,-21.3585,55.7679,85.55,78,26,11.77
40,Saskylakh,RU,2022-02-14 04:59:15,71.9167,114.0833,-13.95,95,21,4.23
41,Tasiilaq,GL,2022-02-14 04:59:16,65.6145,-37.6368,22.69,81,100,26.82
42,Lebu,CL,2022-02-14 04:59:17,-37.6167,-73.65,56.03,92,97,5.86
43,Tuktoyaktuk,CA,2022-02-14 04:59:18,69.4541,-133.0374,-31.0,68,40,10.36
44,Dingle,PH,2022-02-14 04:59:18,10.9995,122.6711,86.07,62,100,11.54
45,Geraldton,AU,2022-02-14 05:00:26,-28.7667,114.6,86.41,58,11,14.97
46,Albany,US,2022-02-14 05:00:20,42.6001,-73.9662,18.19,68,33,5.01
47,Tateyama,JP,2022-02-14 05:00:33,34.9833,139.8667,48.02,58,100,17.34
48,Fort Nelson,CA,2022-02-14 05:00:35,58.8053,-122.7002,1.51,100,100,2.19
49,Estacion Coahuila,MX,2022-02-14 05:00:37,32.1939,-115.0017,59.97,11,0,7.23
50,Erzin,TR,2022-02-14 04:58:33,36.9559,36.2,45.12,84,49,1.57
51,Guymon,US,2022-02-14 05:00:38,36.6828,-101.4816,44.55,39,0,10.13
52,Meadow Lake,US,2022-02-14 05:00:39,34.8014,-106.5436,44.65,32,0,2.15
53,Praia Da Vitoria,PT,2022-02-14 05:00:40,38.7333,-27.0667,55.76,75,99,1.88
54,Kodiak,US,2022-02-14 05:00:41,57.79,-152.4072,34.11,82,58,3.27
55,Cidreira,BR,2022-02-14 05:00:42,-30.1811,-50.2056,68.47,85,26,6.89
56,Namibe,AO,2022-02-14 05:00:43,-15.1961,12.1522,72.79,86,92,1.68
57,Victoria,HK,2022-02-14 04:56:40,22.2855,114.1577,68.97,70,39,8.99
58,Groningen,NL,2022-02-14 04:59:58,53.25,6.75,51.22,72,40,18.41
59,Kiruna,SE,2022-02-14 05:00:44,67.8557,20.2251,-0.31,86,4,6.17
60,Hermanus,ZA,2022-02-14 05:00:44,-34.4187,19.2345,66.9,77,85,19.17
61,Isangel,VU,2022-02-14 05:00:45,-19.55,169.2667,83.73,75,70,12.24
62,Porto Novo,BJ,2022-02-14 05:00:45,6.4965,2.6036,77.72,83,13,4.29
63,Karhal,IN,2022-02-14 05:00:46,27.0003,78.9414,66.54,43,0,3.27
64,Longyearbyen,SJ,2022-02-14 05:00:47,78.2186,15.6401,7.79,96,98,1.97
65,Gornyak,RU,2022-02-14 05:00:47,50.9942,81.4661,21.96,87,69,17.34
66,Pevek,RU,2022-02-14 05:00:48,69.7008,170.3133,-16.96,98,100,7.81
67,Kalmunai,LK,2022-02-14 05:00:25,7.4167,81.8167,81.7,70,55,13.69
68,Hirara,JP,2022-02-14 05:00:50,24.8,125.2833,64.38,78,100,24.25
69,Ribeira Grande,PT,2022-02-14 05:00:51,38.5167,-28.7,58.01,68,92,3.29
70,Mitsamiouli,KM,2022-02-14 05:00:51,-11.3847,43.2844,81.0,79,49,4.79
71,Sile,TR,2022-02-14 05:00:52,41.1754,29.6133,45.57,64,100,3.0
72,Palmer,US,2022-02-14 04:58:08,42.1584,-72.3287,25.25,58,100,1.01
73,Luoyang,CN,2022-02-14 04:58:13,34.6836,112.4536,45.36,57,66,11.25
74,Kapaa,US,2022-02-14 04:57:22,22.0752,-159.319,73.38,69,4,11.12
75,Alice Springs,AU,2022-02-14 05:00:53,-23.7,133.8833,98.15,19,0,10.36
76,Ponta Do Sol,PT,2022-02-14 05:00:54,32.6667,-17.1,61.05,73,95,1.01
77,East London,ZA,2022-02-14 05:00:55,-33.0153,27.9116,68.94,100,100,10.36
78,Kruisfontein,ZA,2022-02-14 05:00:55,-34.0033,24.7314,64.2,86,100,11.43
79,Ketchikan,US,2022-02-14 05:00:56,55.3422,-131.6461,40.19,98,100,1.66
80,Kirishi,RU,2022-02-14 05:00:57,59.4471,32.0205,31.17,93,100,10.69
81,Atuona,PF,2022-02-14 05:00:58,-9.8,-139.0333,77.34,80,22,13.87
82,Ushuaia,AR,2022-02-14 04:56:33,-54.8,-68.3,40.66,75,40,20.71
83,Inhambane,MZ,2022-02-14 05:00:59,-23.865,35.3833,78.78,89,20,4.61
84,Georgetown,MY,2022-02-14 05:00:48,5.4112,100.3354,87.73,70,20,5.75
85,Egvekinot,RU,2022-02-14 05:01:00,66.3167,-179.1667,-19.3,90,12,7.72
86,Tabas,IR,2022-02-14 05:01:01,33.5959,56.9244,50.9,40,0,2.93
87,Jamestown,US,2022-02-14 04:58:55,42.097,-79.2353,11.3,100,99,1.86
88,Whitehorse,CA,2022-02-14 04:58:16,60.7161,-135.0538,21.97,73,100,8.05
89,Alamogordo,US,2022-02-14 05:01:02,32.8995,-105.9603,50.56,41,0,8.05
90,Sao Miguel Do Araguaia,BR,2022-02-14 05:01:02,-13.275,-50.1628,70.34,95,63,3.31
91,Yulara,AU,2022-02-14 05:01:03,-25.2406,130.9889,96.82,8,3,11.48
92,Ballina,AU,2022-02-14 05:02:03,-28.8667,153.5667,73.78,94,75,11.5
93,Palencia,ES,2022-02-14 05:02:04,42.4167,-4.5,35.8,87,10,13.98
94,Constitucion,CL,2022-02-14 05:02:05,-35.3333,-72.4167,58.21,90,73,0.38
95,Lahat,ID,2022-02-14 05:02:06,-3.8,103.5333,91.22,50,70,3.33
96,Cayenne,GF,2022-02-14 05:02:06,4.9333,-52.3333,78.1,88,75,3.0
97,Cherskiy,RU,2022-02-14 05:02:07,68.75,161.3,-25.42,99,93,5.44
98,Souillac,MU,2022-02-14 05:02:07,-20.5167,57.5167,83.35,94,40,12.66
99,Clyde River,CA,2022-02-14 04:58:13,70.4692,-68.5914,-12.77,77,100,29.93
100,Yinchuan,CN,2022-02-14 05:02:08,38.4681,106.2731,27.7,36,100,1.28
101,Morant Bay,JM,2022-02-14 05:02:09,17.8815,-76.4093,72.63,68,28,3.83
102,Calabozo,VE,2022-02-14 05:02:10,8.9242,-67.4293,77.18,55,13,8.72
103,Vaini,TO,2022-02-14 05:00:52,-21.2,-175.2,80.04,70,93,15.77
104,Creel,MX,2022-02-14 05:02:11,27.75,-107.6333,34.63,33,4,5.23
105,Rawson,AR,2022-02-14 04:59:13,-43.3002,-65.1023,62.64,84,37,35.1
106,Dikson,RU,2022-02-14 05:02:11,73.5069,80.5464,-5.66,92,70,22.28
107,Lakes Entrance,AU,2022-02-14 05:02:13,-37.8811,147.981,76.05,61,10,9.13
108,Bay-Khaak,RU,2022-02-14 05:02:13,51.1667,94.5,-10.59,91,99,0.69
109,Gornopravdinsk,RU,2022-02-14 05:02:14,60.05,69.9,4.6,93,100,3.6
110,Taltal,CL,2022-02-14 05:02:15,-25.4,-70.4833,66.92,80,3,1.21
111,Rosetta,EG,2022-02-14 05:02:15,31.4044,30.4164,56.62,67,18,7.99
112,Gwadar,PK,2022-02-14 05:02:16,25.1216,62.3254,71.69,61,19,9.35
113,Lasa,IT,2022-02-14 05:02:16,46.6166,10.7002,25.02,70,6,1.77
114,Kaitangata,NZ,2022-02-14 05:02:17,-46.2817,169.8464,59.94,76,99,6.31
115,Bluff,NZ,2022-02-14 05:02:17,-46.6,168.3333,63.81,66,100,7.36
116,Tura,IN,2022-02-14 05:02:18,25.5198,90.2201,73.36,35,0,1.01
117,Airai,TL,2022-02-14 05:02:19,-8.9266,125.4092,74.26,59,28,2.26
118,Ulladulla,AU,2022-02-14 05:02:19,-35.35,150.4667,87.76,52,94,17.2
119,Arman,RU,2022-02-14 05:02:20,59.7,150.1667,8.02,76,97,7.78
120,Ust-Kut,RU,2022-02-14 05:02:21,56.7938,105.7672,-2.06,83,21,1.97
121,Kushiro,JP,2022-02-14 05:02:22,42.975,144.3747,30.31,67,59,9.6
122,Yazd,IR,2022-02-14 05:02:22,31.8972,54.3675,44.71,53,0,0.0
123,Leningradskiy,RU,2022-02-14 05:02:23,69.3833,178.4167,-17.79,90,80,5.93
124,Flagstaff,US,2022-02-14 05:02:23,35.1981,-111.6513,44.26,19,0,2.82
125,Sokolovyy,RU,2022-02-14 05:02:24,51.5686,45.8331,12.4,94,72,7.87
126,Neiafu,TO,2022-02-14 05:02:24,-18.65,-173.9833,82.02,73,95,12.73
127,Taoudenni,ML,2022-02-14 04:59:33,22.6783,-3.9836,56.75,30,1,10.47
128,Upernavik,GL,2022-02-14 05:02:26,72.7868,-56.1549,1.58,92,100,17.6
129,Lehola,EE,2022-02-14 05:02:27,59.2925,24.3279,35.74,93,100,12.66
130,San Jose,US,2022-02-14 05:01:04,37.3394,-121.895,63.91,63,75,4.61
131,Kavieng,PG,2022-02-14 04:57:49,-2.5744,150.7967,83.62,74,93,7.52
132,Severo-Kurilsk,RU,2022-02-14 05:02:28,50.6789,156.125,26.46,70,82,16.22
133,Chuy,UY,2022-02-14 05:02:28,-33.6971,-53.4616,58.37,62,4,9.95
134,Ilulissat,GL,2022-02-14 05:03:29,69.2167,-51.1,3.22,78,75,12.66
135,Mahebourg,MU,2022-02-14 05:03:29,-20.4081,57.7,83.25,94,40,12.66
136,Khatanga,RU,2022-02-14 05:03:30,71.9667,102.5,-25.11,100,60,2.84
137,Narwar,IN,2022-02-14 05:03:30,25.65,77.9,68.36,27,0,5.91
138,Itoman,JP,2022-02-14 05:03:31,26.1247,127.6694,64.78,77,75,10.36
139,Shingu,JP,2022-02-14 05:03:31,33.7333,135.9833,49.91,67,100,5.21
140,Bredasdorp,ZA,2022-02-14 05:03:32,-34.5322,20.0403,67.28,70,100,17.43
141,Balkanabat,TM,2022-02-14 05:03:33,39.5108,54.3671,38.71,60,8,4.47
142,Atar,MR,2022-02-14 05:03:33,20.5169,-13.0499,63.32,22,99,8.48
143,Tougue,GN,2022-02-14 05:03:34,11.4667,-11.6,62.04,22,12,2.26
144,Klyuchi,RU,2022-02-14 05:03:35,52.2667,79.1667,12.76,91,77,3.83
145,Lagoa,PT,2022-02-14 05:03:35,39.05,-27.9833,56.37,59,74,2.71
146,Coihaique,CL,2022-02-14 05:03:35,-45.5752,-72.0662,55.35,62,88,3.44
147,San Patricio,US,2022-02-14 05:03:36,28.017,-97.5169,55.24,47,97,7.38
148,Brooks,CA,2022-02-14 05:00:48,50.5834,-111.8851,31.03,72,99,9.42
149,Carnarvon,AU,2022-02-14 05:03:37,-24.8667,113.6333,88.61,60,7,10.04
150,Aleppo,SY,2022-02-14 05:03:37,36.25,37.5,44.24,90,0,9.71
151,Torbay,CA,2022-02-14 05:03:19,47.6666,-52.7314,29.57,90,100,9.22
152,Vila Velha,BR,2022-02-14 05:03:38,-20.3297,-40.2925,75.15,94,0,5.75
153,Merritt,CA,2022-02-14 05:02:30,50.1123,-120.7942,30.45,98,100,1.79
154,Igurubi,TZ,2022-02-14 05:03:39,-4.0,33.7,66.27,94,99,3.24
155,Kisesa,TZ,2022-02-14 05:03:39,-3.0833,34.15,66.07,82,94,1.05
156,Boa Vista,BR,2022-02-14 04:58:42,2.8197,-60.6733,78.78,73,0,12.66
157,Nikolskoye,RU,2022-02-14 05:03:40,59.7035,30.7861,36.88,91,100,11.27
158,Sao Filipe,CV,2022-02-14 05:03:41,14.8961,-24.4956,72.93,67,88,11.7
159,Talnakh,RU,2022-02-14 05:03:41,69.4865,88.3972,-6.02,71,10,8.57
160,Plettenberg Bay,ZA,2022-02-14 05:03:42,-34.0527,23.3716,66.54,92,100,15.37
161,Bitung,ID,2022-02-14 05:03:42,1.4451,125.1824,86.85,70,98,8.46
162,Sehithwa,BW,2022-02-14 05:03:43,-20.4667,22.7167,69.24,77,4,4.16
163,Yarmouth,US,2022-02-14 05:03:43,41.7057,-70.2286,33.91,93,100,12.66
164,Vardo,NO,2022-02-14 05:03:44,70.3705,31.1107,17.8,76,100,13.4
165,Mayo,US,2022-02-14 05:03:44,38.8876,-76.5119,30.18,67,0,6.91
166,Sandviken,SE,2022-02-14 05:03:45,60.6167,16.7667,38.7,90,100,6.44
167,Santa Marinella,IT,2022-02-14 05:03:45,42.0345,11.8536,51.71,96,99,11.32
168,Malegaon,IN,2022-02-14 05:03:46,20.55,74.5333,76.96,28,1,4.94
169,Richards Bay,ZA,2022-02-14 05:03:47,-28.783,32.0377,76.23,89,100,14.32
170,Bambanglipuro,ID,2022-02-14 05:03:48,-7.95,110.2833,84.92,68,87,9.51
171,Tual,ID,2022-02-14 05:03:49,-5.6667,132.75,81.09,75,84,7.76
172,Tacna,PE,2022-02-14 05:03:49,-18.0056,-70.2483,61.7,86,88,3.29
173,Falam,MM,2022-02-14 05:03:50,22.9167,93.6833,69.15,19,2,3.62
174,Dzerzhinsk,RU,2022-02-14 05:03:50,56.2389,43.4631,26.42,86,75,11.18
175,Santa Cruz Del Sur,CU,2022-02-14 05:03:51,20.7147,-77.9956,74.43,83,4,7.76
176,Victor Harbor,AU,2022-02-14 05:03:51,-35.5667,138.6167,84.29,77,13,3.0
177,Nuuk,GL,2022-02-14 05:03:52,64.1835,-51.7216,5.61,78,75,5.75
178,Nea Apollonia,GR,2022-02-14 05:03:53,40.6333,23.45,47.64,74,77,2.24
179,Bhimavaram,IN,2022-02-14 05:03:53,16.5333,81.5333,83.14,44,5,4.79
180,Ust-Kulom,RU,2022-02-14 05:03:54,61.6864,53.6902,-0.8,100,100,3.13
181,Lons,FR,2022-02-14 05:03:54,43.3167,-0.4,46.58,93,100,9.22
182,Ambon,ID,2022-02-14 05:04:55,-3.6954,128.1814,87.94,70,40,6.91
183,Tiksi,RU,2022-02-14 05:04:55,71.6872,128.8694,-10.44,89,25,8.9
184,Aksarka,RU,2022-02-14 05:04:56,66.5606,67.7975,-14.85,98,100,3.02
185,Porto San Giorgio,IT,2022-02-14 05:04:57,43.1827,13.7934,46.18,91,91,6.06
186,Thompson,CA,2022-02-14 05:04:37,55.7435,-97.8558,-24.59,99,68,4.18
187,Touros,BR,2022-02-14 05:04:57,-5.1989,-35.4608,79.7,79,7,10.42
188,Barrow,US,2022-02-14 05:04:58,71.2906,-156.7887,-29.18,100,0,9.22
189,Sandpoint,US,2022-02-14 05:00:48,48.2766,-116.5533,36.55,84,0,0.0
190,Zhumadian,CN,2022-02-14 05:04:59,32.9794,114.0294,51.01,53,62,5.86
191,Srednekolymsk,RU,2022-02-14 05:05:00,67.45,153.6833,-22.86,93,18,5.12
192,Chiungutwa,TZ,2022-02-14 05:05:01,-10.8833,38.9833,69.69,97,100,2.13
193,High Level,CA,2022-02-14 05:05:01,58.5169,-117.136,-3.21,100,72,4.52
194,North Platte,US,2022-02-14 05:01:15,41.1239,-100.7654,39.97,46,58,1.99
195,Sistranda,NO,2022-02-14 05:01:38,63.7256,8.834,31.96,60,100,21.61
196,Nizhniy Odes,RU,2022-02-14 05:05:02,63.6445,54.856,0.75,99,100,4.7
197,Port Elizabeth,ZA,2022-02-14 05:05:03,-33.918,25.5701,66.94,81,97,13.18
198,Lufilufi,WS,2022-02-14 05:05:03,-13.8745,-171.5986,85.78,75,75,3.49
199,Toamasina,MG,2022-02-14 05:05:04,-18.1667,49.3833,79.23,79,9,7.83
200,Port Lincoln,AU,2022-02-14 05:00:49,-34.7333,135.8667,72.68,67,15,11.74
201,Esperance,AU,2022-02-14 05:05:05,-33.8667,121.9,73.69,58,73,15.01
202,Broken Hill,AU,2022-02-14 05:05:05,-31.95,141.4333,92.66,21,99,10.07
203,Hirna,ET,2022-02-14 05:05:06,9.2167,41.1,63.54,58,46,3.69
204,Puerto Ayora,EC,2022-02-14 05:05:07,-0.7393,-90.3518,73.54,94,96,2.62
205,Mandalgarh,IN,2022-02-14 05:05:07,25.2,75.1,71.94,23,0,6.13
206,Akdepe,TM,2022-02-14 05:05:08,42.0551,59.3788,28.4,71,20,12.64
207,Ursulo Galvan,MX,2022-02-14 05:05:09,22.7333,-98.3,54.19,56,98,1.86
208,Arraial Do Cabo,BR,2022-02-14 05:05:09,-22.9661,-42.0278,75.0,93,7,14.43
209,Gigmoto,PH,2022-02-14 05:02:06,13.7796,124.39,82.04,66,82,8.57
210,Meulaboh,ID,2022-02-14 05:05:10,4.1363,96.1285,85.1,65,89,3.78
211,Shepsi,RU,2022-02-14 05:05:10,44.0361,39.1489,38.93,69,98,11.61
212,Matara,LK,2022-02-14 05:05:11,5.9485,80.5353,84.24,62,50,1.77
213,Masallatah,LY,2022-02-14 05:05:11,32.6167,14.0,50.04,77,42,12.59
214,Kaoma,ZM,2022-02-14 05:05:12,-14.7833,24.8,63.39,94,42,2.86
215,Kushmurun,KZ,2022-02-14 05:05:13,52.4503,64.6311,16.88,95,100,10.49
216,Palana,RU,2022-02-14 05:05:13,59.1167,159.9667,2.39,92,87,9.64
217,Zomin,UZ,2022-02-14 05:05:14,39.9606,68.3958,37.09,86,100,2.77
218,Kahului,US,2022-02-14 05:05:14,20.8947,-156.47,73.85,74,75,10.36
219,Alibag,IN,2022-02-14 05:05:15,18.6411,72.8792,82.47,47,20,7.65
220,Hay River,CA,2022-02-14 05:00:48,60.8156,-115.7999,-12.33,97,97,4.38
221,Playa Del Carmen,MX,2022-02-14 05:05:16,20.6274,-87.0799,73.42,84,20,14.97
222,New Norfolk,AU,2022-02-14 05:05:17,-42.7826,147.0587,71.65,48,76,1.99
223,Cabo San Lucas,MX,2022-02-14 05:01:33,22.8909,-109.9124,72.52,49,66,6.35
224,Corner Brook,CA,2022-02-14 05:00:49,48.9667,-57.9484,14.22,96,100,1.54
225,Corumba,BR,2022-02-14 05:03:49,-19.0092,-57.6533,79.99,61,79,2.33
226,Yenagoa,NG,2022-02-14 05:06:18,4.9247,6.2642,76.21,92,26,3.62
227,Havoysund,NO,2022-02-14 05:06:18,70.9963,24.6622,29.28,88,100,18.59
228,San Joaquin,US,2022-02-14 05:06:19,37.9333,-121.3011,60.48,70,0,0.0
229,Belmonte,BR,2022-02-14 05:06:19,-15.8631,-38.8828,75.7,89,82,5.88
230,Onguday,RU,2022-02-14 05:06:20,50.75,86.15,17.19,88,100,4.12
231,Hauterive,FR,2022-02-14 05:06:20,46.0901,3.4459,50.76,82,100,12.48
232,Kathmandu,NP,2022-02-14 05:02:32,27.7167,85.3167,57.42,67,20,2.3
233,Agadir,MA,2022-02-14 05:06:21,30.4202,-9.5982,50.45,69,0,4.34
234,Caravelas,BR,2022-02-14 05:06:22,-17.7125,-39.2481,73.92,94,71,3.67
235,Orange Cove,US,2022-02-14 05:06:22,36.6244,-119.3137,67.3,42,0,5.1
236,Comodoro Rivadavia,AR,2022-02-14 05:02:00,-45.8667,-67.5,56.73,57,49,17.6
237,Turukhansk,RU,2022-02-14 05:06:23,65.8167,87.9833,-1.66,85,35,12.62
238,Sabha,LY,2022-02-14 05:06:23,27.0377,14.4283,47.64,43,0,11.54
239,Moengo,SR,2022-02-14 05:06:24,5.6167,-54.4,71.96,99,45,1.5
240,Port Blair,IN,2022-02-14 05:06:24,11.6667,92.75,80.64,65,40,10.36
241,San Cristobal,VE,2022-02-14 05:06:25,7.7669,-72.225,69.98,77,96,1.3
242,Novichikha,RU,2022-02-14 05:06:26,52.204,81.3877,22.87,93,99,14.83
243,Seddon,AU,2022-02-14 05:06:26,-37.8068,144.8916,98.85,67,0,17.27
244,Husavik,IS,2022-02-14 05:06:27,66.0449,-17.3389,17.47,80,97,17.22
245,The Valley,AI,2022-02-14 05:06:27,18.217,-63.0578,77.09,66,4,17.65
246,Lamar,US,2022-02-14 05:06:28,33.6668,-95.5836,47.52,52,0,3.44
247,Guangyuan,CN,2022-02-14 05:06:28,32.442,105.823,50.11,64,100,1.14
248,Ola,RU,2022-02-14 05:06:29,59.5833,151.2833,8.15,75,100,8.01
249,Alappuzha,IN,2022-02-14 05:02:14,9.49,76.3264,81.36,68,11,3.22
250,Dzhebariki-Khaya,RU,2022-02-14 05:06:29,62.2167,135.8,-19.17,90,74,0.34
251,Port Hedland,AU,2022-02-14 05:06:30,-20.3167,118.5667,102.25,35,14,10.36
252,Kirakira,SB,2022-02-14 05:06:16,-10.4544,161.9205,82.94,75,100,4.72
253,Kupang,ID,2022-02-14 05:06:30,-10.1667,123.5833,86.22,63,4,2.28
254,Namatanai,PG,2022-02-14 05:06:31,-3.6667,152.4333,83.86,74,58,7.74
255,Salym,RU,2022-02-14 05:06:32,60.0625,71.4789,2.91,93,100,2.84
256,Kaabong,UG,2022-02-14 05:06:32,3.4836,34.1492,71.49,38,40,4.72
257,Oranjemund,NA,2022-02-14 05:06:33,-28.55,16.4333,63.9,93,19,5.46
258,Frederico Westphalen,BR,2022-02-14 05:03:09,-27.3592,-53.3944,67.44,85,0,3.44
259,Quetame,CO,2022-02-14 05:06:34,4.3323,-73.8614,63.66,92,100,0.43
260,Bandarbeyla,SO,2022-02-14 05:06:35,9.4942,50.8122,76.82,65,83,19.15
261,Krizevci,HR,2022-02-14 05:06:35,46.0219,16.5425,29.8,91,34,5.46
262,Mogadishu,SO,2022-02-14 05:06:36,2.0371,45.3438,78.49,74,64,20.51
263,Sur,OM,2022-02-14 05:06:36,22.5667,59.5289,71.51,66,2,16.24
264,Flinders,AU,2022-02-14 05:06:37,-34.5833,150.8552,86.81,60,95,7.0
265,Halifax,CA,2022-02-14 05:05:56,44.6453,-63.5724,22.48,90,100,8.99
266,Sorland,NO,2022-02-14 05:06:38,67.667,12.6934,28.47,60,99,30.29
267,Bathsheba,BB,2022-02-14 05:06:38,13.2167,-59.5167,77.61,73,20,19.57
268,Broome,US,2022-02-14 05:06:39,42.2506,-75.833,12.61,79,0,8.05
269,Mul,IN,2022-02-14 05:06:39,20.0667,79.6667,78.89,16,3,5.19
270,Reserva,BR,2022-02-14 05:06:40,-24.6503,-50.8506,62.02,98,39,1.66
271,Amapa,BR,2022-02-14 05:06:40,1.0,-52.0,72.12,99,98,1.68
272,Grand Haven,US,2022-02-14 05:06:41,43.0631,-86.2284,14.09,65,75,6.91
273,Lyuban,BY,2022-02-14 05:06:41,52.7985,28.0048,26.17,84,12,9.19
274,Lata,PT,2022-02-14 05:06:42,40.1629,-8.3327,53.82,97,40,1.5
275,Inuvik,CA,2022-02-14 05:07:43,68.3499,-133.7218,-22.11,97,100,9.35
276,Saint George,US,2022-02-14 05:06:09,37.1041,-113.5841,56.53,27,0,3.44
277,Manica,FR,2022-02-14 05:07:44,49.0,-1.1667,44.01,95,97,9.84
278,Canutama,BR,2022-02-14 05:07:44,-6.5339,-64.3831,71.65,99,100,1.01
279,Ostrovnoy,RU,2022-02-14 05:07:44,68.0531,39.5131,20.75,85,100,26.22
280,Akyab,MM,2022-02-14 05:07:45,20.15,92.9,76.48,35,9,3.11
281,Beidao,CN,2022-02-14 05:07:46,34.5686,105.8933,36.36,81,100,4.25
282,Lokosovo,RU,2022-02-14 05:07:46,61.1333,74.8167,2.48,94,100,7.45
283,Honiara,SB,2022-02-14 05:07:47,-9.4333,159.95,81.34,85,99,3.96
284,Pisco,PE,2022-02-14 05:07:47,-13.7,-76.2167,68.05,77,0,4.61
285,Banyo,CM,2022-02-14 05:07:48,6.75,11.8167,65.19,21,100,3.04
286,Mayumba,GA,2022-02-14 05:07:48,-3.432,10.6554,77.94,88,98,4.5
287,Gwanda,ZW,2022-02-14 05:07:49,-20.9333,29.0,66.74,59,0,2.95
288,Kunyang,CN,2022-02-14 05:05:13,27.6658,120.5658,54.82,59,18,5.64
289,Ewa Beach,US,2022-02-14 05:07:50,21.3156,-158.0072,73.35,57,0,11.5
290,Caernarfon,GB,2022-02-14 05:07:50,53.1413,-4.2702,44.33,87,100,20.71
291,Tambopata,PE,2022-02-14 05:07:51,-12.7333,-69.1833,68.54,96,82,0.87
292,Slave Lake,CA,2022-02-14 05:07:51,55.2834,-114.769,20.39,90,100,5.32
293,Necochea,AR,2022-02-14 05:07:52,-38.5473,-58.7368,57.11,57,0,8.3
294,Chokurdakh,RU,2022-02-14 05:07:53,70.6333,147.9167,-9.13,99,81,9.04
295,Waukesha,US,2022-02-14 05:07:54,43.0333,-88.3001,11.84,67,100,3.0
296,Bilibino,RU,2022-02-14 05:07:54,68.0546,166.4372,-27.89,100,75,2.64
297,Iquitos,PE,2022-02-14 05:07:55,-3.7481,-73.2472,73.44,100,75,1.14
298,Rincon,US,2022-02-14 05:07:56,32.296,-81.2354,46.85,31,0,14.97
299,Itarema,BR,2022-02-14 05:07:57,-2.9248,-39.9167,78.12,84,29,10.22
300,Lorengau,PG,2022-02-14 05:07:57,-2.0226,147.2712,83.61,73,62,3.65
301,Cabaiguan,CU,2022-02-14 05:07:58,22.0789,-79.4992,69.42,92,94,10.98
302,Celestun,MX,2022-02-14 05:07:58,20.8667,-90.4,69.8,68,98,16.87
303,San Carlos De Bariloche,AR,2022-02-14 05:07:49,-41.1456,-71.3082,64.15,55,0,12.66
304,Leshukonskoye,RU,2022-02-14 05:07:59,64.8989,45.7622,9.05,87,96,9.19
305,Thinadhoo,MV,2022-02-14 05:07:59,0.5333,72.9333,81.75,73,55,8.61
306,Flin Flon,CA,2022-02-14 05:08:00,54.7682,-101.865,-14.08,98,82,4.81
307,Ulundi,ZA,2022-02-14 05:08:00,-28.3352,31.4162,71.89,85,75,4.94
308,Barra Do Garcas,BR,2022-02-14 05:08:01,-15.89,-52.2567,70.52,97,13,2.8
309,Fare,PF,2022-02-14 05:08:02,-16.7,-151.0167,80.96,74,99,12.86
310,Nizwa,OM,2022-02-14 05:08:03,22.9333,57.5333,63.36,49,0,3.22
311,Hasaki,JP,2022-02-14 05:08:03,35.7333,140.8333,46.29,55,100,24.63
312,Drayton Valley,CA,2022-02-14 05:08:04,53.2168,-114.9854,27.91,89,100,4.12
313,Walhain,BE,2022-02-14 05:08:04,50.6167,4.7,52.27,69,75,23.02
314,Fortuna,US,2022-02-14 05:08:05,40.5982,-124.1573,49.42,96,100,0.0
315,Saint-Joseph,RE,2022-02-14 05:08:05,-21.3667,55.6167,84.56,75,13,10.42
316,Sao Joao Da Barra,BR,2022-02-14 05:08:06,-21.6403,-41.0511,75.04,92,65,11.99
317,Edd,ER,2022-02-14 05:08:07,13.9297,41.6925,76.89,77,3,5.5
318,Guanica,PR,2022-02-14 05:08:07,17.9716,-66.908,75.97,82,2,1.01
319,Winnemucca,US,2022-02-14 05:05:10,40.973,-117.7357,51.12,39,0,10.36
320,Luzhou,CN,2022-02-14 05:08:08,28.8724,105.4405,54.59,65,100,1.79
321,Wilmington,US,2022-02-14 05:07:01,34.2257,-77.9447,41.95,81,0,8.05
322,Xinzhou,CN,2022-02-14 05:08:09,38.4092,112.7333,25.92,36,97,4.27
323,Araceli,PH,2022-02-14 05:09:09,10.5529,119.9913,81.52,72,98,4.9
324,Ixtlahuacan Del Rio,MX,2022-02-14 05:09:10,20.8667,-103.25,62.46,47,93,5.57
325,Fairbanks,US,2022-02-14 05:06:34,64.8378,-147.7164,6.6,79,100,5.75
326,Madang,PG,2022-02-14 05:09:11,-5.2246,145.7966,84.65,70,76,6.15
327,Grindavik,IS,2022-02-14 05:09:11,63.8424,-22.4338,28.87,80,40,8.05
328,Trairi,BR,2022-02-14 05:09:12,-3.2778,-39.2689,77.36,87,26,8.21
329,Austin,US,2022-02-14 05:09:09,30.2672,-97.7431,52.57,50,0,4.61
330,Lodja,CD,2022-02-14 05:09:13,-3.4833,23.4333,69.33,91,100,2.17
331,Coquimbo,CL,2022-02-14 05:09:13,-29.9533,-71.3436,62.33,88,0,2.3
332,Chipinge,ZW,2022-02-14 05:09:14,-20.1883,32.6236,66.54,61,4,0.63
333,Mumbwa,ZM,2022-02-14 05:09:15,-14.9783,27.0619,64.96,94,88,2.75
334,Luang Prabang,LA,2022-02-14 05:09:15,19.8856,102.1347,88.23,38,24,1.7
335,Zhigansk,RU,2022-02-14 05:09:16,66.7697,123.3711,-24.66,95,75,1.66
336,Ahipara,NZ,2022-02-14 05:09:16,-35.1667,173.1667,69.78,60,10,12.57
337,Noumea,NC,2022-02-14 05:09:17,-22.2763,166.4572,88.0,99,100,17.18
338,Scarborough,GB,2022-02-14 05:09:17,54.2797,-0.4044,44.65,86,100,5.99
339,Nata,PA,2022-02-14 05:09:18,8.3333,-80.5167,77.47,76,44,4.76
340,Rio Gallegos,AR,2022-02-14 05:09:18,-51.6226,-69.2181,42.85,61,0,2.3
341,Bati,ET,2022-02-14 05:09:19,11.1833,40.0167,63.16,73,85,2.01
342,Hami,CN,2022-02-14 05:09:19,42.8,93.45,30.54,38,19,6.71
343,Batemans Bay,AU,2022-02-14 05:09:20,-35.7167,150.1833,94.19,50,95,12.93
344,Grand-Lahou,CI,2022-02-14 05:09:20,5.1367,-5.0242,78.21,87,46,6.38
345,Bam,IR,2022-02-14 05:07:16,29.106,58.357,52.18,34,32,10.25
346,Vredendal,ZA,2022-02-14 05:09:21,-31.6683,18.5012,74.88,57,0,3.94
347,Ribeira Brava,PT,2022-02-14 05:09:22,32.65,-17.0667,61.05,75,96,2.01
348,Persianovskiy,RU,2022-02-14 05:09:23,47.5137,40.1075,19.92,93,0,0.0
349,Hualmay,PE,2022-02-14 05:09:24,-11.0964,-77.6139,70.63,83,99,7.27
350,Linxi,CN,2022-02-14 05:09:24,39.7,118.4333,25.74,44,44,7.09
351,Yumen,CN,2022-02-14 05:09:25,40.2833,97.2,34.21,28,42,14.85
352,Trat,TH,2022-02-14 05:09:25,12.5,102.5,90.25,53,90,1.97
353,Marsala,IT,2022-02-14 05:09:26,37.7966,12.4352,52.93,82,100,14.79
354,Otukpo,NG,2022-02-14 05:09:26,7.1913,8.1329,70.83,24,65,3.24
355,Westport,US,2022-02-14 05:06:30,41.1415,-73.3579,26.74,60,100,16.11
356,Zhuanghe,CN,2022-02-14 05:09:27,39.7008,122.9911,26.64,52,71,13.91
357,Ancud,CL,2022-02-14 05:09:28,-41.8697,-73.8203,55.42,94,32,3.62
358,Seoul,KR,2022-02-14 05:05:03,37.5683,126.9778,51.31,46,100,10.02
359,Verkhnechusovskiye Gorodki,RU,2022-02-14 05:09:28,58.1671,57.1086,15.55,95,100,1.03
360,Tezu,IN,2022-02-14 05:09:29,27.9167,96.1667,73.63,20,0,4.05
361,Yerbogachen,RU,2022-02-14 05:09:30,61.2767,108.0108,-4.99,89,71,4.63
362,Todos Santos,MX,2022-02-14 05:09:30,23.45,-110.2167,68.11,82,12,3.31
363,Vao,NC,2022-02-14 05:09:31,-22.6667,167.4833,80.26,81,99,15.5
364,Morgan City,US,2022-02-14 05:09:31,29.6994,-91.2068,41.0,80,0,0.0
365,Lethem,GY,2022-02-14 05:09:32,3.3803,-59.7968,76.06,79,44,11.59
366,Faya,SA,2022-02-14 05:09:32,18.3851,42.4509,50.52,54,7,2.82
367,Saldanha,ZA,2022-02-14 05:09:25,-33.0117,17.9442,64.44,84,0,10.36
368,Berea,US,2022-02-14 05:09:04,41.3662,-81.8543,16.07,86,100,4.61
369,Hovd,MN,2022-02-14 05:10:34,48.0056,91.6419,-7.15,87,86,4.18
370,Norman Wells,CA,2022-02-14 05:10:34,65.282,-126.8329,-6.74,99,100,1.43
371,Mecca,SA,2022-02-14 05:10:35,21.4267,39.8261,73.06,26,18,2.89
372,Codrington,AU,2022-02-14 05:10:36,-38.2667,141.9667,70.39,62,16,13.27
373,Askiz,RU,2022-02-14 05:10:36,53.1319,90.5264,4.8,94,100,1.79
374,Stolin,BY,2022-02-14 05:10:37,51.8912,26.846,29.68,70,1,9.46
375,Sitka,US,2022-02-14 05:10:38,57.0531,-135.33,40.89,81,40,5.75
376,Mountain Brook,US,2022-02-14 05:10:38,33.5009,-86.7522,36.61,57,0,0.0
377,Bali,ID,2022-02-14 05:10:39,-8.5,115.0,79.77,70,77,5.03
378,Puerto Del Rosario,ES,2022-02-14 05:10:39,28.5004,-13.8627,62.35,77,6,6.91
379,Doha,QA,2022-02-14 05:07:09,25.2867,51.5333,64.38,63,0,9.22
380,Karratha,AU,2022-02-14 05:10:40,-20.7377,116.8463,99.59,33,63,6.35
381,Aginskoye,RU,2022-02-14 05:10:41,51.1,114.53,-2.02,80,92,4.72
382,Mokhsogollokh,RU,2022-02-14 05:10:42,61.4681,128.9203,-11.18,91,100,1.28
383,Laguna,US,2022-02-14 05:10:42,38.421,-121.4238,62.83,72,0,3.44
384,Chaman,PK,2022-02-14 05:10:43,30.9236,66.4512,50.86,42,77,2.04
385,Peniche,PT,2022-02-14 05:10:43,39.3558,-9.3811,53.92,84,7,16.84
386,Ust-Koksa,RU,2022-02-14 05:10:44,50.2696,85.6108,16.52,86,100,2.51
387,Naspur,IN,2022-02-14 05:10:46,18.8333,79.45,78.53,29,9,6.62
388,Sidney,AU,2022-02-14 05:09:03,-33.8679,151.2073,85.59,60,0,20.71
389,Shihezi,CN,2022-02-14 05:10:47,44.3,86.0333,17.96,89,83,3.8
390,Saint-Pierre,RE,2022-02-14 05:10:48,-21.3393,55.4781,85.64,74,0,6.91
391,Portland,US,2022-02-14 05:06:18,45.5234,-122.6762,55.98,71,100,10.36
392,Makakilo City,US,2022-02-14 05:08:32,21.3469,-158.0858,71.92,58,0,11.5
393,Springbok,ZA,2022-02-14 05:10:49,-29.6643,17.8865,73.26,47,50,5.12
394,Ulaangom,MN,2022-02-14 05:10:49,49.9811,92.0667,-20.63,95,95,3.38
395,Jilin,CN,2022-02-14 05:10:50,43.0,126.0,12.0,87,100,10.67
396,Freetown,SL,2022-02-14 05:10:50,8.484,-13.2299,75.9,86,17,1.97
397,Aksha,RU,2022-02-14 05:10:51,50.2814,113.2867,-2.65,76,66,1.68
398,Paita,PE,2022-02-14 05:10:52,-5.0892,-81.1144,73.51,79,96,6.44
399,Palkino,RU,2022-02-14 05:10:52,57.5409,28.0126,31.75,85,100,11.81
400,Nanortalik,GL,2022-02-14 05:10:52,60.1432,-45.2371,18.12,82,100,29.33
401,Shestakovo,RU,2022-02-14 05:10:53,56.4915,103.96,0.84,80,15,2.21
402,Corrales,US,2022-02-14 05:10:53,35.2378,-106.6067,47.25,30,0,8.05
403,Suntar,RU,2022-02-14 05:10:54,62.1444,117.6319,-3.91,92,100,2.04
404,Maun,BW,2022-02-14 05:10:54,-19.9833,23.4167,68.5,77,1,4.68
405,Chapais,CA,2022-02-14 05:10:55,49.7834,-74.8492,-25.11,100,92,0.81
406,Mansa,IN,2022-02-14 05:10:56,29.9833,75.3833,65.37,47,0,4.7
407,Cockburn Town,TC,2022-02-14 05:10:56,21.4612,-71.1419,77.59,83,0,18.63
408,Thio,NC,2022-02-14 05:10:57,-21.6167,166.2167,82.36,75,100,9.1
409,Sinnamary,GF,2022-02-14 05:10:57,5.3833,-52.95,75.69,91,83,9.06
410,Baruun-Urt,MN,2022-02-14 05:10:20,46.6806,113.2792,-5.35,77,42,4.21
411,Naze,JP,2022-02-14 05:10:58,28.3667,129.4833,56.32,72,100,17.74
412,Cajamarca,PE,2022-02-14 05:10:59,-7.1638,-78.5003,50.74,94,100,1.57
413,Consett,GB,2022-02-14 05:11:01,54.854,-1.8316,40.48,92,100,9.28
414,Lugovoy,KZ,2022-02-14 05:11:02,42.9472,72.7644,37.8,64,100,1.43
415,Yeppoon,AU,2022-02-14 05:12:02,-23.1333,150.7333,87.58,73,40,20.31
416,Sembe,CG,2022-02-14 05:11:18,1.6481,14.5806,67.98,95,100,2.68
417,Wyndham,US,2022-02-14 05:12:03,37.6985,-77.6125,31.98,88,0,1.01
418,Mount Gambier,AU,2022-02-14 05:12:04,-37.8333,140.7667,74.16,53,10,11.43
419,Mehamn,NO,2022-02-14 05:12:04,71.0357,27.8492,23.18,79,75,13.8
420,Lingyuan,CN,2022-02-14 05:12:05,41.24,119.4011,16.02,49,72,14.52
421,Moose Factory,CA,2022-02-14 05:12:05,51.2585,-80.6094,-23.71,100,93,3.89
422,Katsuura,JP,2022-02-14 05:12:06,35.1333,140.3,44.71,63,100,21.7
423,Mizan Teferi,ET,2022-02-14 05:12:07,6.9833,35.5833,69.21,53,94,2.06
424,Vilyuysk,RU,2022-02-14 05:11:34,63.7553,121.6247,-11.97,95,100,0.96
425,Poum,NC,2022-02-14 05:12:07,-20.2333,164.0167,82.65,77,95,8.84
426,Derzhavinsk,KZ,2022-02-14 05:12:08,51.1,66.3167,19.99,95,100,16.2
427,Calderitas,MX,2022-02-14 05:12:09,18.55,-88.25,69.94,80,73,14.23
428,Hofn,IS,2022-02-14 05:12:09,64.2539,-15.2082,22.62,68,49,8.99
429,Eureka,US,2022-02-14 05:12:10,40.8021,-124.1637,49.68,93,100,1.01
430,Ulagan,RU,2022-02-14 05:12:10,50.6321,87.9563,10.18,82,99,0.87
431,Khasan,RU,2022-02-14 05:12:11,42.4308,130.6434,21.51,48,100,6.73
432,Miracema Do Tocantins,BR,2022-02-14 05:12:11,-9.5618,-48.3967,73.04,96,100,0.78
433,Kindu,CD,2022-02-14 05:12:12,-2.95,25.95,68.92,97,98,1.88
434,Arlit,NE,2022-02-14 05:11:17,18.7369,7.3853,61.63,14,0,3.22
435,Avera,US,2022-02-14 05:12:13,33.194,-82.5271,42.67,38,0,12.82
436,Talcahuano,CL,2022-02-14 05:12:14,-36.7167,-73.1167,60.48,77,100,5.75
437,Porbandar,IN,2022-02-14 05:12:14,21.6422,69.6093,71.87,56,7,6.02
438,Vila Franca Do Campo,PT,2022-02-14 05:12:15,37.7167,-25.4333,58.19,68,100,3.11
439,Partenit,UA,2022-02-14 05:12:15,44.578,34.3446,36.43,66,100,13.98
440,Verkh-Usugli,RU,2022-02-14 05:12:16,52.7,115.1667,0.18,73,50,2.19
441,Pilar,BR,2022-02-14 05:12:16,-9.5972,-35.9567,75.13,83,99,3.98
442,Bandar-E Lengeh,IR,2022-02-14 05:12:17,26.5579,54.8807,66.58,52,28,2.39
443,Danjiangkou,CN,2022-02-14 05:12:17,32.5428,111.5086,51.4,56,79,7.61
444,Klaksvik,FO,2022-02-14 05:12:18,62.2266,-6.589,34.72,62,100,25.88
445,Varnavino,RU,2022-02-14 05:12:18,57.4035,45.0916,22.12,96,100,9.24
446,Champasak,LA,2022-02-14 05:12:19,14.75,106.0,94.6,40,98,1.81
447,Krasnyy Yar,RU,2022-02-14 05:12:20,46.5331,48.3456,24.73,68,0,7.52
448,Pacific Grove,US,2022-02-14 05:12:20,36.6177,-121.9166,61.3,90,100,1.01
449,Balintore,GB,2022-02-14 05:12:21,57.7556,-3.9123,41.09,93,100,14.45
450,San Quintin,MX,2022-02-14 05:12:21,30.4833,-115.95,64.11,44,0,4.29
451,Ust-Omchug,RU,2022-02-14 05:12:22,61.15,149.6333,-12.19,91,100,5.19
452,Bosaso,SO,2022-02-14 05:12:22,11.2842,49.1816,75.56,65,49,5.21
453,Kushima,JP,2022-02-14 05:12:23,31.4583,131.2333,54.93,66,100,7.4
454,Aboisso,CI,2022-02-14 05:12:23,5.4678,-3.2071,76.01,91,93,0.11
455,Severnyy,RU,2022-02-14 05:12:24,50.677,36.5532,21.24,86,0,6.71
456,Santa Cruz,BO,2022-02-14 05:11:16,-17.8,-63.1667,71.06,88,69,3.44
457,Kamenka,RU,2022-02-14 05:12:25,51.3223,42.7678,7.66,95,76,7.0
458,Inverell,AU,2022-02-14 05:12:25,-29.7833,151.1167,85.66,48,17,8.01
459,Jiuquan,CN,2022-02-14 05:12:26,39.7432,98.5174,32.31,34,69,7.65
460,Lompoc,US,2022-02-14 05:12:27,34.6391,-120.4579,61.57,100,100,3.44
461,Marystown,CA,2022-02-14 05:13:27,47.1666,-55.1483,32.86,100,100,9.17
462,Nosy Varika,MG,2022-02-14 05:13:28,-20.5833,48.5333,77.14,87,31,3.76
463,Yambio,SS,2022-02-14 05:13:28,4.5721,28.3955,73.76,33,62,2.06
464,Beian,NO,2022-02-14 05:13:29,63.6559,9.5683,32.09,74,75,5.75
465,Kralendijk,BQ,2022-02-14 05:13:29,12.15,-68.2667,78.78,73,40,16.11
466,Fukue,JP,2022-02-14 05:13:30,32.6881,128.8419,53.22,59,7,18.52
467,Letterkenny,IE,2022-02-14 05:13:30,54.95,-7.7333,42.53,84,100,13.76
468,Salalah,OM,2022-02-14 05:13:31,17.0151,54.0924,71.06,21,2,20.65
469,Newcastle,AU,2022-02-14 05:13:31,-32.9272,151.7765,81.09,61,40,17.27
470,Tshela,CD,2022-02-14 05:13:32,-4.9833,12.9333,72.73,99,100,0.34
471,Salitral,PE,2022-02-14 05:13:33,-4.8572,-80.6811,76.95,64,100,6.8
472,Haimen,CN,2022-02-14 05:13:34,23.1935,116.6142,60.69,79,98,16.13
473,Shitanjing,CN,2022-02-14 05:13:34,39.2342,106.3439,24.03,47,100,4.81
474,Sapa,PH,2022-02-14 05:13:35,5.1544,120.3241,82.89,72,94,7.96
475,Rondonopolis,BR,2022-02-14 05:13:36,-16.4708,-54.6356,71.74,96,99,3.38
476,Nynashamn,SE,2022-02-14 05:13:36,58.9034,17.9479,36.95,89,100,15.52
477,Vermillion,US,2022-02-14 05:13:37,42.7794,-96.9292,32.67,60,95,7.45
478,Quata,BR,2022-02-14 05:13:37,-22.2475,-50.6983,71.87,73,7,1.79
479,Petlawad,IN,2022-02-14 05:13:38,23.0,74.8,76.71,25,0,6.64
480,Panguna,PG,2022-02-14 05:13:38,-6.3164,155.4848,78.58,72,99,2.95
481,Muyezerskiy,RU,2022-02-14 05:13:39,63.9333,31.65,33.13,95,100,13.91
482,Tazovskiy,RU,2022-02-14 05:13:39,67.4667,78.7,-5.22,96,87,11.92
483,Padang,ID,2022-02-14 05:13:40,-0.9492,100.3543,87.85,57,37,5.55
484,Dubbo,AU,2022-02-14 05:11:48,-32.25,148.6167,84.33,28,75,4.61
485,Aden,YE,2022-02-14 05:13:41,12.7794,45.0367,76.62,70,36,11.79
486,Zhangye,CN,2022-02-14 05:13:41,38.9342,100.4517,31.33,57,80,1.16
487,Matiri,TZ,2022-02-14 05:13:42,-10.75,34.9,63.45,89,100,1.32
488,Gayny,RU,2022-02-14 05:13:42,60.3071,54.3241,-4.0,100,100,2.68
489,Palu,ID,2022-02-14 05:13:43,-0.8917,119.8707,81.86,79,99,1.19
490,Coromandel,BR,2022-02-14 05:13:43,-18.4733,-47.2003,63.7,97,7,1.86
491,Tongling,CN,2022-02-14 05:13:44,30.95,117.7833,51.89,54,40,5.19
492,Tuzamapan,MX,2022-02-14 05:13:45,19.4,-96.85,52.95,82,99,1.41
493,Gat,IL,2022-02-14 05:13:46,31.61,34.7642,55.4,100,99,4.76
494,Oussouye,SN,2022-02-14 05:13:46,12.485,-16.5469,70.45,21,12,7.31
495,Solginskiy,RU,2022-02-14 05:13:47,61.05,41.3428,26.58,95,100,9.28
496,Port-Cartier,CA,2022-02-14 05:13:47,50.0334,-66.8654,-9.26,97,44,7.81
497,Dicabisagan,PH,2022-02-14 05:13:48,17.0818,122.4157,79.99,79,74,7.76
498,Lonar,IN,2022-02-14 05:13:49,19.9833,76.5333,78.35,20,3,9.42
499,Kolpashevo,RU,2022-02-14 05:13:49,58.3131,82.9089,10.24,92,100,11.56
500,San Roque,ES,2022-02-14 05:13:50,36.2107,-5.3842,56.23,77,40,11.5
501,Buritis,BR,2022-02-14 05:13:51,-15.6178,-46.4233,68.18,96,25,1.99
502,Adeje,ES,2022-02-14 05:13:51,28.1227,-16.726,60.1,67,20,10.36
503,Krasnoselkup,RU,2022-02-14 05:13:52,65.7,82.4667,-1.16,90,43,15.37
504,Sarh,TD,2022-02-14 05:13:52,9.1429,18.3923,73.69,18,100,3.51
505,Pimentel,PE,2022-02-14 05:13:53,-6.8367,-79.9342,72.34,78,98,9.57
506,Maldonado,UY,2022-02-14 05:13:53,-34.6667,-54.9167,67.23,70,9,6.91
507,Teya,RU,2022-02-14 05:13:54,60.3778,92.6267,0.93,83,16,7.78
508,Sao Felix Do Xingu,BR,2022-02-14 05:13:54,-6.6447,-51.995,69.89,91,100,0.92
509,Bongued,PH,2022-02-14 05:14:55,7.1167,124.4,92.32,44,74,4.05
510,Guiyang,CN,2022-02-14 05:14:56,26.5833,106.7167,50.49,62,0,4.47
511,Tamandare,BR,2022-02-14 05:14:57,-8.7597,-35.1047,78.57,78,34,7.47
512,Ust-Tsilma,RU,2022-02-14 05:14:57,65.441,52.1498,1.26,98,90,4.56
513,Odlabari,IN,2022-02-14 05:14:58,26.8333,88.6167,72.59,44,0,4.29
514,Pabrade,LT,2022-02-14 05:14:59,55.0,25.7833,27.03,83,100,8.79
515,Umkomaas,ZA,2022-02-14 05:14:59,-30.2067,30.7978,77.59,79,100,14.43
516,Linxia,CN,2022-02-14 05:15:00,35.6003,103.2064,28.35,66,58,4.27
517,Kuching,MY,2022-02-14 05:12:19,1.55,110.3333,88.02,70,40,1.14
518,Northam,GB,2022-02-14 05:15:01,51.0333,-4.2167,45.61,84,41,17.18
519,Langham,CA,2022-02-14 05:15:01,52.3668,-106.9679,6.64,98,48,2.84
520,Ati,TD,2022-02-14 05:15:02,13.2154,18.3353,68.11,13,91,9.44
521,Pingliang,CN,2022-02-14 05:15:02,35.5392,106.6861,32.94,77,51,2.04
522,Los Llanos De Aridane,ES,2022-02-14 05:15:03,28.6585,-17.9182,58.75,82,75,8.05
523,Suluq,LY,2022-02-14 05:15:03,31.6682,20.2521,49.86,73,1,5.91
524,Okhotsk,RU,2022-02-14 05:15:04,59.3833,143.3,-0.04,78,1,11.97
525,Piopio,NZ,2022-02-14 05:15:04,-38.4667,175.0167,70.95,40,15,6.82
526,Beisfjord,NO,2022-02-14 05:15:05,68.3751,17.5988,28.96,95,86,5.3
527,Lazaro Cardenas,MX,2022-02-14 05:15:06,17.9583,-102.2,74.75,73,75,4.43
528,Nyrob,RU,2022-02-14 05:15:06,60.733,56.7202,-4.59,100,95,1.57
529,Tuatapere,NZ,2022-02-14 05:15:07,-46.1333,167.6833,63.82,64,100,7.31
530,Youhao,CN,2022-02-14 05:15:07,47.8667,128.8333,11.26,73,81,1.36
531,Summerland,CA,2022-02-14 05:15:08,49.5998,-119.6691,33.98,65,75,12.66
532,Jiexiu,CN,2022-02-14 05:15:08,37.0244,111.9125,36.81,26,100,5.46
533,Khandbari,NP,2022-02-14 05:15:09,27.3747,87.2039,64.33,45,0,4.41
534,Margate,GB,2022-02-14 05:11:32,51.3813,1.3862,46.96,85,100,5.01
535,Ponta Delgada,PT,2022-02-14 05:15:09,37.7333,-25.6667,57.51,67,75,8.05
536,Boyolangu,ID,2022-02-14 05:15:10,-8.1181,111.8935,82.31,76,88,5.86
537,Robe,AU,2022-02-14 05:15:11,-37.1833,139.75,65.8,76,0,19.35
538,Cuiaba,BR,2022-02-14 05:15:11,-15.5961,-56.0967,76.93,94,100,1.14
539,Banda Aceh,ID,2022-02-14 05:15:11,5.5577,95.3222,85.59,64,85,6.69
540,Kununurra,AU,2022-02-14 05:15:12,-15.7667,128.7333,84.18,79,71,3.44
541,Saint Anthony,US,2022-02-14 05:15:13,45.0205,-93.218,8.65,78,100,11.5
542,El Alto,PE,2022-02-14 05:15:13,-4.2714,-81.2147,71.04,82,98,8.88
543,Kudahuvadhoo,MV,2022-02-14 05:15:14,2.6708,72.8944,81.57,76,70,7.67
544,Polson,US,2022-02-14 05:10:55,47.6936,-114.1632,30.11,95,43,1.83
545,Haapiti,PF,2022-02-14 05:15:15,-17.5667,-149.8667,80.33,75,88,15.21
546,Rio Grande,BR,2022-02-14 05:15:16,-32.035,-52.0986,59.11,57,0,10.27
547,Guliston,UZ,2022-02-14 05:15:16,40.4897,68.7842,44.38,49,100,7.87
548,Lubumbashi,CD,2022-02-14 05:15:17,-11.6609,27.4794,62.91,97,100,2.66
549,Beloha,MG,2022-02-14 05:15:17,-25.1667,45.05,83.17,49,0,8.7
550,Athabasca,CA,2022-02-14 05:15:18,54.7169,-113.2854,17.42,90,100,4.81
551,Mattru,SL,2022-02-14 05:11:30,7.6244,-11.8332,72.57,98,21,0.58
552,Muzhi,RU,2022-02-14 05:15:19,65.3667,64.6667,-19.91,100,100,3.44
553,Jinka,ET,2022-02-14 05:15:20,5.65,36.65,71.47,36,86,1.66
554,Carmelo,UY,2022-02-14 05:16:20,-33.9892,-58.2856,69.75,56,0,6.49
555,Mahibadhoo,MV,2022-02-14 05:16:21,3.7833,72.9667,81.82,73,67,6.17
556,Bambous Virieux,MU,2022-02-14 05:16:22,-20.3428,57.7575,84.22,94,40,12.66
557,Biloela,AU,2022-02-14 05:16:22,-24.4167,150.5,84.34,47,63,17.72
558,Nara,JP,2022-02-14 05:15:11,34.6851,135.8049,51.12,47,87,2.64
559,Jaffna,LK,2022-02-14 05:16:23,9.6685,80.0074,81.32,66,17,14.38
560,Tuy Hoa,VN,2022-02-14 05:16:23,13.0833,109.3,74.82,94,99,9.71
561,Maralal,KE,2022-02-14 05:16:24,1.0968,36.698,63.0,58,8,2.57
562,Vinstra,NO,2022-02-14 05:16:24,61.5952,9.7523,24.98,95,100,4.18
563,Brae,GB,2022-02-14 05:16:25,60.3964,-1.353,40.91,87,100,31.76
564,Dawlatabad,AF,2022-02-14 05:16:26,36.4141,64.9053,45.75,48,38,5.59
565,Tessalit,ML,2022-02-14 05:16:26,20.1986,1.0114,56.57,27,27,9.24
566,Vostok,RU,2022-02-14 05:16:27,46.4856,135.8833,17.92,90,100,3.38
567,Harnosand,SE,2022-02-14 05:16:27,62.6323,17.9379,32.0,87,100,9.66
568,Pinawa,CA,2022-02-14 05:16:28,50.1489,-95.8811,-16.53,100,60,1.83
569,Buraydah,SA,2022-02-14 05:16:28,26.326,43.975,45.05,29,0,2.98
570,Dalvik,IS,2022-02-14 05:16:29,65.9702,-18.5286,15.73,66,99,12.26
571,Knysna,ZA,2022-02-14 05:16:30,-34.0363,23.0471,68.38,92,100,11.01
572,Morondava,MG,2022-02-14 05:16:30,-20.2833,44.2833,80.44,84,31,7.52
573,Calama,CL,2022-02-14 05:16:31,-22.4667,-68.9333,48.69,40,0,12.66
574,Russell,US,2022-02-14 05:16:32,32.3502,-85.1999,38.8,68,0,0.0
575,Argayash,RU,2022-02-14 05:16:32,55.4888,60.8767,17.29,91,98,10.13
576,Atbasar,KZ,2022-02-14 05:16:33,51.8,68.3333,17.56,95,100,15.97
577,Porto Santo,PT,2022-02-14 05:16:33,33.072,-16.3415,61.18,72,20,5.75
578,Puerto Ayacucho,VE,2022-02-14 05:16:34,5.6639,-67.6236,77.61,58,80,3.33
579,Chimore,BO,2022-02-14 05:16:34,-16.9833,-65.1333,69.82,96,41,2.28
580,Prabumulih,ID,2022-02-14 05:16:35,-3.45,104.25,92.08,53,82,2.13
581,Liverpool,GB,2022-02-14 05:16:35,53.4106,-2.9779,44.69,92,100,19.57
582,Verkhnyaya Inta,RU,2022-02-14 05:16:36,65.9811,60.3094,-2.94,93,85,4.25
583,Launceston,AU,2022-02-14 05:16:36,-41.45,147.1667,85.64,39,100,14.97
584,Buluang,PH,2022-02-14 05:16:37,13.3068,123.3425,82.29,74,99,0.81
585,Nchelenge,ZM,2022-02-14 05:16:37,-9.3451,28.734,68.74,87,100,5.64
586,Kumluca,TR,2022-02-14 05:16:38,36.3703,30.2869,53.67,58,1,5.57
587,Roebourne,AU,2022-02-14 05:16:38,-20.7833,117.1333,100.0,33,85,7.58
588,Mnogovershinnyy,RU,2022-02-14 05:16:39,53.9353,139.9242,2.3,76,9,4.18
589,La Ligua,CL,2022-02-14 05:16:07,-32.4524,-71.2311,56.98,82,0,1.12
590,Pokaran,IN,2022-02-14 05:16:40,26.9167,71.9167,73.69,16,0,3.38
591,Mangan,IN,2022-02-14 05:16:40,27.5167,88.5333,65.75,35,0,6.67
592,Tandil,AR,2022-02-14 05:16:41,-37.3217,-59.1332,55.72,67,0,5.37
593,Ulaanbaatar,MN,2022-02-14 05:15:45,47.9077,106.8832,1.53,55,75,8.95
594,Sao Luiz Gonzaga,BR,2022-02-14 05:16:41,-28.4083,-54.9608,59.32,29,0,6.53
595,Salinopolis,BR,2022-02-14 05:16:42,-0.6136,-47.3561,78.51,87,100,10.58
596,Cape Canaveral,US,2022-02-14 05:16:42,28.4058,-80.6048,59.0,78,0,20.71
597,Berlevag,NO,2022-02-14 05:16:43,70.8578,29.0864,17.6,88,100,15.37
598,Sungairaya,ID,2022-02-14 05:16:43,0.7,108.9,83.44,79,94,3.74
599,Pangnirtung,CA,2022-02-14 05:16:44,66.1451,-65.7125,-33.84,95,80,4.97
600,Aberdeen,GB,2022-02-14 05:13:50,57.1437,-2.0981,42.49,95,75,11.5
601,Nador,MA,2022-02-14 05:17:45,35.174,-2.9287,59.25,51,0,9.22
602,Paamiut,GL,2022-02-14 05:17:45,61.994,-49.6678,8.28,89,100,16.37
603,Bontang,ID,2022-02-14 05:17:46,0.1333,117.5,83.34,71,64,7.29
604,Saint-Louis,SN,2022-02-14 05:17:46,16.3333,-15.0,67.8,19,99,9.46
605,Tulum,MX,2022-02-14 05:17:47,20.2167,-87.4667,73.45,87,10,7.9
606,Gisborne,NZ,2022-02-14 05:17:48,-38.6533,178.0042,60.94,71,48,14.9
607,Annau,TM,2022-02-14 05:17:48,37.8876,58.516,35.1,80,100,6.91
608,Beringovskiy,RU,2022-02-14 05:17:49,63.05,179.3167,-23.73,97,40,9.82
609,Souris,CA,2022-02-14 05:17:49,49.6172,-100.2612,0.73,97,31,5.14
610,Amurzet,RU,2022-02-14 05:17:50,47.6967,131.0981,10.87,84,98,3.24
611,Margina,RO,2022-02-14 05:17:50,45.85,22.2667,34.54,73,75,3.31
612,Puerto Princesa,PH,2022-02-14 05:17:51,9.7392,118.7353,82.51,70,100,4.99
613,Tuckahoe,US,2022-02-14 05:17:51,37.5901,-77.5564,31.59,88,0,0.0
614,Tanete,ID,2022-02-14 05:17:52,-3.9443,119.7848,83.37,71,98,4.76
615,Rocha,UY,2022-02-14 05:15:31,-34.4833,-54.3333,57.67,65,21,8.08
616,Rudsar,IR,2022-02-14 05:17:53,37.1376,50.288,44.58,87,100,8.43
617,Sol-Iletsk,RU,2022-02-14 05:17:54,51.1631,54.9918,10.8,97,86,8.1
618,Biga,TR,2022-02-14 05:17:54,40.2281,27.2422,46.06,82,100,6.55
619,Trincomalee,LK,2022-02-14 05:17:55,8.5711,81.2335,80.91,66,73,13.8
620,Cervo,ES,2022-02-14 05:17:55,43.6702,-7.4101,45.19,81,63,21.45
621,Creston,US,2022-02-14 05:13:58,41.0586,-94.3614,18.72,73,40,6.91
622,Bara,NG,2022-02-14 05:17:56,10.3744,10.7288,65.53,21,83,5.21
623,Riyadh,SA,2022-02-14 05:14:41,24.6877,46.7219,51.94,31,0,7.25
624,Hatfield,GB,2022-02-14 05:17:33,51.7634,-0.2242,46.09,93,75,14.97
625,Punta Alta,AR,2022-02-14 05:17:57,-38.8759,-62.0736,70.47,40,0,17.22
626,Piro,IN,2022-02-14 05:17:57,25.3333,84.4167,68.25,42,0,3.4
627,Ternate,ID,2022-02-14 05:17:58,0.8,127.4,83.03,70,83,5.44
628,Muzaffarabad,PK,2022-02-14 05:17:58,34.37,73.4711,60.1,43,100,1.95
629,Qarqin,AF,2022-02-14 05:17:59,37.4185,66.0436,47.23,41,98,13.38
630,Morro Bay,US,2022-02-14 05:17:59,35.3658,-120.8499,66.13,45,2,1.99
631,Gravdal,NO,2022-02-14 05:18:00,68.1214,13.5031,28.29,100,40,6.91
632,Hakkari,TR,2022-02-14 05:18:00,37.5833,44.1667,19.51,68,90,3.51
633,Sampit,ID,2022-02-14 05:18:01,-2.5333,112.95,89.58,57,99,2.26
634,Kingsville,US,2022-02-14 05:18:01,27.5159,-97.8561,52.83,67,0,6.91
635,Teluk Nibung,ID,2022-02-14 05:18:02,3.001,99.8164,87.33,62,78,4.14
636,Amahai,ID,2022-02-14 05:18:03,-3.3333,128.9167,80.69,77,100,3.6
637,Aranos,NA,2022-02-14 05:18:03,-24.1333,19.1167,70.5,67,100,4.52
638,Veroce,HU,2022-02-14 05:18:04,47.8247,19.0348,35.76,86,8,5.3
639,Neuquen,AR,2022-02-14 05:17:47,-38.9516,-68.0591,80.49,26,0,10.36
640,San Pedro,PH,2022-02-14 05:18:04,14.35,121.0167,87.35,65,43,8.05
641,Valparaiso,CL,2022-02-14 05:18:05,-33.0393,-71.6273,66.47,80,0,4.61
642,Baft,IR,2022-02-14 05:18:05,29.234,56.6057,37.44,62,1,5.75
643,Samarai,PG,2022-02-14 05:18:02,-10.6167,150.6667,83.62,70,87,9.64
644,Port Hardy,CA,2022-02-14 05:19:06,50.6996,-127.4199,46.76,81,75,4.61
645,Bogashevo,RU,2022-02-14 05:19:06,56.3683,85.1447,24.98,80,100,11.18
646,Wajima,JP,2022-02-14 05:19:07,37.4,136.9,41.68,56,20,6.91
647,Semily,CZ,2022-02-14 05:19:07,50.6019,15.3355,35.56,85,4,11.99
648,Chumphon,TH,2022-02-14 05:19:08,10.3333,98.8333,86.11,78,77,7.05
649,Finnsnes,NO,2022-02-14 05:19:08,69.2296,17.9811,26.56,96,87,4.0
650,Cairns,AU,2022-02-14 05:19:09,-16.9167,145.7667,86.11,81,75,19.57
651,Santa Isabel,BR,2022-02-14 05:19:09,-23.3156,-46.2214,70.66,97,8,1.34
652,Auki,SB,2022-02-14 05:19:10,-8.7676,160.7034,78.75,86,100,3.29
653,Podosinovets,RU,2022-02-14 05:19:10,60.2776,47.0659,15.64,88,100,9.01
654,Nagapattinam,IN,2022-02-14 05:19:10,10.7667,79.8333,81.66,64,47,13.06
655,Colares,PT,2022-02-14 05:19:11,38.7992,-9.4469,53.33,73,2,20.0
656,Lebanon,US,2022-02-14 05:19:12,36.2081,-86.2911,32.14,74,40,0.0
657,Okato,NZ,2022-02-14 05:19:13,-39.2,173.8833,64.9,63,12,14.99
658,Pedana,IN,2022-02-14 05:19:13,16.2667,81.1667,80.78,60,9,9.13
659,La Brea,HN,2022-02-14 05:19:14,15.8,-85.9667,70.29,93,16,1.79
660,Kabale,UG,2022-02-14 05:19:14,-1.2486,29.9899,60.58,76,99,2.64
661,Monrovia,LR,2022-02-14 05:19:15,6.3005,-10.7969,78.57,85,24,2.06
662,Iquique,CL,2022-02-14 05:15:48,-20.2208,-70.1431,66.24,77,21,4.27
663,Stornoway,GB,2022-02-14 05:19:15,58.2093,-6.3865,40.96,89,75,14.97
664,Pella,RU,2022-02-14 05:19:16,59.7775,30.8181,34.88,91,100,11.32
665,Tarbagatay,RU,2022-02-14 05:19:17,51.4803,107.3602,-4.47,87,67,3.49
666,Sakakah,SA,2022-02-14 05:19:17,29.9697,40.2064,42.37,30,12,4.88
667,Tocopilla,CL,2022-02-14 05:19:17,-22.092,-70.1979,69.58,74,25,6.85
668,Yining,CN,2022-02-14 05:19:18,29.0361,114.5636,56.95,55,4,0.6
669,Keffi,NG,2022-02-14 05:19:18,8.8486,7.8736,72.73,17,98,4.18
670,Orichi,RU,2022-02-14 05:19:19,58.4036,49.0572,9.41,98,100,5.5
671,Maningrida,AU,2022-02-14 05:19:19,-12.0667,134.2667,88.2,56,68,9.06
672,Petauke,ZM,2022-02-14 05:19:20,-14.2426,31.3253,65.14,98,100,2.26
673,Kulhudhuffushi,MV,2022-02-14 05:19:20,6.6221,73.07,81.25,71,84,4.34
674,Kiomboi,TZ,2022-02-14 05:19:21,-4.2667,34.3667,63.95,86,100,2.53
675,Muroto,JP,2022-02-14 05:19:21,33.2833,134.15,55.44,54,100,12.71
676,Basco,PH,2022-02-14 05:19:22,20.4487,121.9702,73.72,81,100,31.27
677,Ziro,IN,2022-02-14 05:19:22,27.6333,93.8333,52.54,26,0,1.1
678,Bubaque,GW,2022-02-14 05:18:13,11.2833,-15.8333,77.94,59,0,3.02
679,Isugod,PH,2022-02-14 05:19:23,9.3408,118.1196,83.57,68,100,1.59
680,Zhanaozen,KZ,2022-02-14 05:19:24,43.3,52.8,27.93,74,22,5.1
681,Mujiayingzi,CN,2022-02-14 05:19:24,42.1167,118.7833,11.05,56,88,9.75
682,Vila,PT,2022-02-14 05:19:25,42.0304,-8.1588,37.33,94,93,4.65
683,Lesosibirsk,RU,2022-02-14 05:19:25,58.2358,92.4828,0.64,85,12,11.63
684,Olinda,BR,2022-02-14 05:19:26,-8.0089,-34.8553,82.13,74,40,6.91
685,Tilichiki,RU,2022-02-14 05:19:26,60.4667,166.1,-14.24,91,44,9.78
686,Pontarlier,FR,2022-02-14 05:19:26,46.8333,6.25,41.14,75,48,10.31
687,Arkhangelsk,RU,2022-02-14 05:19:27,64.5401,40.5433,19.51,85,100,8.95
688,Monte Alegre,BR,2022-02-14 05:19:27,-2.0078,-54.0692,74.55,90,100,4.14
689,Daur,PK,2022-02-14 05:19:28,26.4583,68.3192,66.11,21,0,5.79
690,Puerto Baquerizo Moreno,EC,2022-02-14 05:19:28,-0.9,-89.6,75.07,86,74,4.05
691,Maniitsoq,GL,2022-02-14 05:18:09,65.4167,-52.9,1.53,87,100,3.47
692,Iskateley,RU,2022-02-14 05:20:29,67.6803,53.1512,-2.51,99,48,9.62
693,Towada,JP,2022-02-14 05:20:29,40.6127,141.2067,34.21,80,51,7.25
694,Bulaevo,KZ,2022-02-14 05:20:30,54.9056,70.4439,2.66,95,100,3.38
695,Den Helder,NL,2022-02-14 05:20:31,52.9599,4.7593,53.08,72,75,35.99
696,Saint-Dizier,FR,2022-02-14 05:20:31,48.4167,5.0833,48.25,77,97,20.96
697,Manavalakurichi,IN,2022-02-14 05:20:32,8.1333,77.3,87.89,53,11,8.48
698,Deputatskiy,RU,2022-02-14 05:20:32,69.3,139.9,-10.93,95,95,4.41
699,Manono,CD,2022-02-14 05:20:33,-7.3,27.4167,68.36,97,100,2.19
700,Buala,SB,2022-02-14 05:20:33,-8.145,159.5921,79.54,85,100,3.78
701,Nanpiao,CN,2022-02-14 05:20:34,41.0982,120.7479,18.14,54,75,17.05
702,San Andres,CO,2022-02-14 05:19:13,12.5847,-81.7006,80.62,74,20,16.11
703,Uribia,CO,2022-02-14 05:20:35,11.7139,-72.266,76.41,79,5,14.09
704,Alyangula,AU,2022-02-14 05:20:36,-13.8483,136.4192,86.85,61,11,12.41
705,Listvyagi,RU,2022-02-14 05:20:37,53.6772,86.951,19.33,73,100,8.19
706,Hegang,CN,2022-02-14 05:20:37,47.4,130.3667,11.3,77,51,2.73
707,Payson,US,2022-02-14 05:17:23,40.0444,-111.7321,45.27,49,0,4.0
